{
  "base": {
    "total_num_tokens_avg": 4433430.447761194,
    "time_per_step_avg": 1036.853585359418,
    "throughput_avg": 534.9800666271788,
    "tgs_gen_avg": 1051.3619285580814,
    "mfu_actor_avg": 0.3854629154883941,
    "max_memory_gb_avg": 67.39736652374268,
    "rewards_mean_avg": -0.15067630652303515,
    "response_length_avg": 3310.594380392957,
    "response_length_clip_ratio_avg": 0.5446828363546684,
    "prompt_length_avg": 153.02314598880596,
    "prompt_length_max": 1022.0,
    "num_steps": 67,
    "time_per_step_scaled_avg": 1036.853585359418
  },
  "optimized": {
    "total_num_tokens_avg": 3991727.6716417912,
    "time_per_step_avg": 843.1347760979587,
    "throughput_avg": 593.9816443588364,
    "tgs_gen_avg": 1060.5513500151826,
    "mfu_actor_avg": 0.47762440829372693,
    "max_memory_gb_avg": 90.70136767003073,
    "rewards_mean_avg": 0.08217700559701492,
    "response_length_avg": 3744.821391091418,
    "response_length_clip_ratio_avg": 0.41531599813432835,
    "prompt_length_avg": 153.35016324626866,
    "prompt_length_max": 1273.0,
    "num_steps": 67,
    "time_per_step_scaled_avg": 936.1456302015278
  }
}